{"geometryType": 0, "textureMode": 0, "DDS": false, "ASTC": false, "hasUVs": false, "hasNormals": true, "maxVertexCount": 13795, "maxIndiceCount": 0, "maxBounds": [0.16500000655651093, 0, 0.11500000208616257, 0, -0.2540000081062317, 0], "textureWidth": 0, "textureHeight": 0, "textureSizeDDS": 0, "textureSizeASTC": 0, "headerSizes": [314, 314, 314, 314, 314, 314, 314, 314, 314, 314, 314, 314, 314, 314, 314, 314], "verticeCounts": [13533, 13636, 13762, 13770, 13786, 13688, 13623, 13587, 13595, 13637, 13722, 13795, 13785, 13749, 13613, 13500], "indiceCounts": [0, 0, 0, 0, 0, 0, 0, 0, 0, 0, 0, 0, 0, 0, 0, 0]}